Titre :;Indicateur mensuel du climat des affaires dans l'industrie manufacturière (cvs);Industrie manufacturière, situation actuelle de l'état du carnet de commandes (CVS);Industrie manufacturière, évolution des commandes reçues par rapport au mois précédent (CVS);Industrie manufacturière, évolution des livraisons par rapport au mois précédent (CVS);Industrie manufacturière, évolution de la production par rapport au mois précédent (CVS);Industrie manufacturière, prévisions de production à 1 mois (CVS);Industrie manufacturière, évolution du stock des produits finis par rapport au mois précédent (CVS);Industrie manufacturière, situation actuelle des stocks de produits finis (CVS);Industrie manufacturière, taux moyen d'utilisation des capacités de production (CVS);Indicateur mensuel du climat des affaires dans les services marchands (cvs);Services marchands, évolution de l'activité par rapport au mois précédent (CVS);Services marchands, prévisions d'évolution de l'activité à 1 mois (CVS);Services marchands, évolution de la demande globale par rapport au mois précédent (CVS);Services marchands, prévisions d'évolution de la demande globale à 1 mois (CVS);Indicateur du climat des affaires dans le bâtiment (CVS);Bâtiment, Evolution de l'activité par rapport au mois précédent (CVS);Bâtiment, Prévisions de l'activité à 1 mois (CVS);Bâtiment, Situation actuelle de l'état du carnet de commande (CVS)
Code série :;CONJ.M.N01.S.IN.000CZ.ICAIN181.10;CONJ.M.N01.S.IN.000CZ.CCTSM000.10;CONJ.M.N01.S.IN.000CZ.CRTEM100.10;CONJ.M.N01.S.IN.000CZ.LITEM100.10;CONJ.M.N01.S.IN.000CZ.PRTEM100.10;CONJ.M.N01.S.IN.000CZ.PRTPM100.10;CONJ.M.N01.S.IN.000CZ.PVTEM100.10;CONJ.M.N01.S.IN.000CZ.PVTSM000.10;CONJ.M.N01.S.IN.000CZ.TUTSM000.10;CONJ.M.N01.S.SM.00NAT.ICASM182.1A;CONJ.M.N01.S.SM.00NAT.ACTEM100.1A;CONJ.M.N01.S.SM.00NAT.ACTPM100.1A;CONJ.M.N01.S.SM.00NAT.DETEM100.1A;CONJ.M.N01.S.SM.00NAT.DETPM100.1A;CONJ.M.N01.S.BA.00NAT.ICA00183.10;CONJ.M.N01.S.BA.00NAT.ACTEM100.10;CONJ.M.N01.S.BA.00NAT.ACTPM100.10;CONJ.M.N01.S.BA.00NAT.CCTSM000.10
Unité :;Indice (INDI);Solde d'opinion (SO);Solde d'opinion (SO);Solde d'opinion (SO);Solde d'opinion (SO);Solde d'opinion (SO);Solde d'opinion (SO);Solde d'opinion (SO);Pourcent (PC);Indice (INDI);Solde d'opinion (SO);Solde d'opinion (SO);Solde d'opinion (SO);Solde d'opinion (SO);Solde d'opinion (SO);Solde d'opinion (SO);Solde d'opinion (SO);Solde d'opinion (SO)
Magnitude :;Unités (0);Unités (0);Unités (0);Unités (0);Unités (0);Unités (0);Unités (0);Unités (0);Unités (0);Unités (0);Unités (0);Unités (0);Unités (0);Unités (0);Unités (0);Unités (0);Unités (0);Unités (0)
Méthode d'observation :;Moyenne de la période (A);Fin de période (E);Fin de période (E);Fin de période (E);Fin de période (E);Fin de période (E);Fin de période (E);Fin de période (E);Fin de période (E);Moyenne de la période (A);Moyenne de la période (A);Moyenne de la période (A);Moyenne de la période (A);Moyenne de la période (A);Moyenne de la période (A);Moyenne de la période (A);Moyenne de la période (A);Moyenne de la période (A)
Source :;Banque de France (FR2);Banque de France (FR2);Banque de France (FR2);Banque de France (FR2);Banque de France (FR2);Banque de France (FR2);Banque de France (FR2);Banque de France (FR2);Banque de France (FR2);Banque de France (FR2);Banque de France (FR2);Banque de France (FR2);Banque de France (FR2);Banque de France (FR2);Banque de France (FR2);Banque de France (FR2);Banque de France (FR2);Banque de France (FR2)
1990-01-31;114,873;25,79;18,93;12,09;12,17;14,7;0,45;7,72;87,54;119,22;;;;;;;;
1990-02-28;113,834;30,14;14,36;11,61;9,84;16,18;1,56;4,42;87,41;120,62;;;;;;;;
1990-03-31;113,839;26,09;11,08;22,09;17,86;12,93;-2,09;6,17;87,04;118,9;;;;;;;;
1990-04-30;111,206;21,32;9,59;12,08;7,05;11,09;1,54;4,88;87,29;119,04;;;;;;;;
1990-05-31;112,501;20,92;17,54;19;14,53;12,74;-2,55;7,18;86,94;117,12;;;;;;;;
1990-06-30;107,249;14,53;1,8;6,93;4,3;7,25;2,5;7,71;86,67;115,44;;;;;;;;
1990-07-31;98,502;9,93;-15,77;-12,51;-9,19;8,83;4,35;11,02;86,18;114,02;;;;;;;;
1990-08-31;97,194;7,34;-5,59;0,34;-0,71;7,61;3,75;13,49;86,07;114,02;;;;;;;;
1990-09-30;96,9;5,36;1,83;7,05;3,54;6,3;2,25;14,51;85,96;112,69;;;;;;;;
1990-10-31;96,751;0,83;4,7;4,87;2,39;6,55;-1,81;15,97;85,64;112,91;;;;;;;;
1990-11-30;95,747;-6,77;-2,98;2,31;1,5;3,58;-0,18;18,16;84,99;110,75;;;;;;;;
1990-12-31;96,72;-6,27;1,73;6,92;7,5;4,07;2,99;23,42;84,79;109,25;;;;;;;;
1991-01-31;93,079;-16,37;-8,87;8,3;0,29;-4,29;-0,06;20;83,94;107;;;;;;;;
1991-02-28;90,289;-22,32;-8,27;-4,11;-5,65;2,24;1,97;21,01;83,94;104,74;;;;;;;;
1991-03-31;90,312;-23,6;-0,69;-1,42;-1,42;4,25;3,77;25,59;83,66;103,48;;;;;;;;
1991-04-30;96,461;-23,75;17,06;20,02;16,03;5,56;-0,94;24,73;82,86;101,74;;;;;;;;
1991-05-31;96,307;-22,19;3,28;4,19;1,74;10,15;-8,16;17,18;83,17;100,37;;;;;;;;
1991-06-30;96,913;-22,92;1,33;3,83;5,5;11,55;2,29;23,46;82,92;98,93;;;;;;;;
1991-07-31;92,427;-24,38;-12,73;-11,05;-4;12,31;4,38;23,45;82,52;98,16;;;;;;;;
1991-08-31;97,878;-22,94;9,91;17,42;15,45;8,92;2,62;21,95;82,75;96,96;;;;;;;;
1991-09-30;97,468;-23,58;7,37;10,44;9,39;8,84;2,4;20,63;82,41;96,02;;;;;;;;
1991-10-31;99,942;-21,35;10,67;14,51;5,52;6,05;-5,34;17,51;82,81;94,42;;;;;;;;
1991-11-30;98,133;-22,93;3,27;-2,53;2,68;6,71;2,4;16,42;82,84;94,08;;;;;;;;
1991-12-31;99,038;-24,95;4,42;9,59;3,62;6,98;-2,52;16,12;82,74;96,45;;;;;;;;
1992-01-31;99,774;-20,95;9,28;12,36;7,37;5,77;-4,42;15,98;82,7;94,8;;;;;;;;
1992-02-29;101,064;-19,51;8,99;14,04;12,41;4,9;-3,05;16,27;83,23;95,37;;;;;;;;
1992-03-31;99,738;-21,2;5,16;6,9;5,31;5,4;-1,56;12,66;82,56;93,96;;;;;;;;
1992-04-30;100,022;-21,55;5,98;8,96;5,3;3,19;-0,61;12,25;82,68;92,6;;;;;;;;
1992-05-31;96,772;-21;0,45;-1,28;-0,34;5,27;2,7;15,05;82,16;90,75;;;;;;;;
1992-06-30;98,451;-22,52;7,98;11,6;8,04;5,15;0;17,91;82,15;88,66;;;;;;;;
1992-07-31;95,885;-25,86;-0,45;6,46;7,14;2,38;2,32;19,05;82,06;87,34;;;;;;;;
1992-08-31;95,983;-28,78;4,05;12,58;10,35;-1,08;2,89;19,59;82,05;86,14;;;;;;;;
1992-09-30;90,494;-33,01;-6,36;-2,95;-1,49;-2,77;4,11;20,4;81,7;84,7;;;;;;;;
1992-10-31;86,016;-37,12;-13,61;-1,54;-0,62;-8,92;5,5;30,26;81,15;82,19;;;;;;;;
1992-11-30;82,753;-37,45;-9,86;-5,76;-5,66;-4,2;4,29;26,96;80,47;81,45;;;;;;;;
1992-12-31;82,718;-34,27;-5,27;-1,08;-3,83;-1,8;1,1;24,68;80,17;79,48;;;;;;;;
1993-01-31;81,972;-42,11;-2,96;-1,4;-5,14;-4,27;2,6;22,56;79,83;78,4;;;;;;;;
1993-02-28;81,451;-44,75;-8,21;0,34;-3,8;-5,16;2,68;22,78;78,75;74,86;;;;;;;;
1993-03-31;81,226;-46,14;-6,74;-0,92;-6,9;-6,08;2,08;25,43;78,78;76,28;;;;;;;;
1993-04-30;80,123;-49,67;-6,9;-5,28;-4,93;-4,7;2,07;25,3;78,09;75,94;;;;;;;;
1993-05-31;78,444;-53,7;-9,07;-5,32;-5,41;-7,8;4,31;25,5;77,39;77,5;;;;;;;;
1993-06-30;74,447;-53,08;-17,83;-23,32;-27,61;-4,58;-12,89;23,09;77,62;77,66;;;;;;;;
1993-07-31;76,5;-50,35;-10,93;-7,86;-12,15;-5,19;-11,41;21,86;77,7;79,46;;;;;;;;
1993-08-31;77,388;-49,13;-10,84;-6,39;-11,18;-3,67;-9,72;20,68;77,44;80,18;;;;;;;;
1993-09-30;81,527;-46,83;-2,55;4,22;-2,46;-4,12;-10,23;19,05;77,39;81,7;;;;;;;;
1993-10-31;85,416;-46,17;0,81;-0,97;-0,08;3,35;-8,53;14,4;77,41;82,28;;;;;;;;
1993-11-30;93,964;-36,64;13;13,46;9,71;9,61;-10,55;8,76;78,42;83,83;;;;;;;;
1993-12-31;97,638;-32,93;12,46;11,64;11,18;4,99;-8,72;8,87;78,14;85,14;;;;;;;;
1994-01-31;100,075;-29,49;11,1;7,79;11,13;5,67;-1,9;7,19;79,07;86,6;;;;;;;;
1994-02-28;103,454;-27,53;16,61;12,47;8,59;9,72;-5,38;5,31;79,46;87,87;;;;;;;;
1994-03-31;107,41;-11,29;17,59;19,55;15,55;12,32;-9;3,1;80,33;89,95;;;;;;;;
1994-04-30;109,286;-11,34;11,92;17,51;16,12;16,57;-6,73;3,49;80,94;91,41;;;;;;;;
1994-05-31;112,081;-12,15;17,8;22,07;19,01;10,87;-4,62;0,58;81,75;93,34;;;;;;;;
1994-06-30;112,412;-4,88;17,75;13,63;13,53;10,38;-2,17;-5,67;82,05;97,58;;;;;;;;
1994-07-31;116,222;1,19;24,94;25,41;23,81;10,63;-5,4;-5,15;82,51;98,38;;;;;;;;
1994-08-31;114,803;5,26;16,9;13,35;12,73;13,92;-7,87;-4,32;82,49;101,73;;;;;;;;
1994-09-30;118,814;11,6;29,45;25,7;20,62;13,47;-13,38;-4,42;82,94;102,2;;;;;;;;
1994-10-31;115,009;9,27;10,43;9,28;10,3;12,66;-2,71;-4,17;83,22;105,32;;;;;;;;
1994-11-30;116,762;10,54;18,39;23,3;22,53;6,34;-4,76;-5,38;83,61;105,15;;;;;;;;
1994-12-31;114,344;11,59;13,38;13,1;11,11;10,92;-1,54;-4,59;83,95;106,87;;;;;;;;
1995-01-31;112,631;10,62;11,2;13,7;10,48;11,5;2,43;-3,06;83,76;106,1;;;;;;;;
1995-02-28;110,447;8,75;12,81;11,13;7,21;8,43;-2;-1;83,67;106,32;;;;;;;;
1995-03-31;106,797;8,64;6,02;4,04;6,97;8,64;3,68;6,21;83,46;104,71;;;;;;;;
1995-04-30;105,025;5,35;8,43;7,17;2,47;8,94;2,98;2,23;83,11;102,08;;;;;;;;
1995-05-31;105,946;4,51;13,64;17,02;16,56;2,07;1,9;3,13;83,13;102,16;;;;;;;;
1995-06-30;105,384;3,07;14,02;15,54;10,71;5,95;-0,61;7,58;83,05;101,27;;;;;;;;
1995-07-31;103,45;-1,6;6,27;9,23;7,87;6,84;4,21;9,59;82,9;99,4;;;;;;;;
1995-08-31;97,04;-7,31;-9,44;-9,08;-6,71;9,25;9,43;11,82;82,4;96,99;;;;;;;;
1995-09-30;95,81;-10,28;-2,08;-0,12;-0,21;7,37;11,33;12,83;82,47;96,61;;;;;;;;
1995-10-31;96,042;-13,67;5,21;9,34;4,13;6,23;0,2;15,38;81,95;93,25;;;;;;;;
1995-11-30;93,565;-17,78;0,27;-0,87;2,8;2,73;4,91;17,23;81,16;92,19;;;;;;;;
1995-12-31;91,918;-18,55;-4,41;-1,78;-1,61;2,82;2,37;18,14;81,13;90,7;;;;;;;;
1996-01-31;96,419;-18,44;9,1;11,92;11,36;7,9;2,38;19,29;81,07;91,21;;;;;;;;
1996-02-29;96,008;-17,7;2,07;6,81;5,53;7,81;-0,63;19,7;81,29;93,48;;;;;;;;
1996-03-31;97,034;-21,6;6,52;8,45;7,29;5,41;0,6;17,86;81,03;94,12;;;;;;;;
1996-04-30;100,749;-17,5;15,42;16,23;11,69;6,94;-1,72;18,28;81,34;94,86;;;;;;;;
1996-05-31;98,331;-16,32;4,72;4,99;1,67;7,75;2,35;18,4;80,78;95,4;;;;;;;;
1996-06-30;99,099;-18,92;4,21;8,36;6,82;7,01;-3,79;14,69;80,72;94,66;;;;;;;;
1996-07-31;94,583;-19,44;-6,39;-7,52;-2,45;8,26;-1,58;14,72;80,66;96,01;;;;;;;;
1996-08-31;98,516;-17,14;10,96;14,88;13,75;4,73;-2,99;13,8;81,09;94,97;;;;;;;;
1996-09-30;98,911;-15,82;12,04;11,92;12,17;3,19;-2,56;13,12;81,12;96,51;;;;;;;;
1996-10-31;100,029;-12,35;4,36;7,43;7,43;7,34;-0,91;12,53;81,38;99,13;;;;;;;;
1996-11-30;97,85;-9,81;7,25;-8,94;0,88;9,88;8,38;19,08;81,45;100,09;;;;;;;;
1996-12-31;101,474;-7,35;10,5;12,72;6,81;9,4;-4,06;8,95;81,24;99,86;;;;;;;;
1997-01-31;102,117;-4,89;10,3;5,47;7,91;9,2;-4,25;7,32;81,87;101,4;;;;;;;;
1997-02-28;104,528;-4,2;11,82;13,33;14,84;7,88;0,92;11,3;82,16;101,83;;;;;;;;
1997-03-31;104,708;-3,6;8,64;7,07;8,7;8,3;-4,04;8,83;82,11;103,96;;;;;;;;
1997-04-30;110,802;0,86;22,07;21,58;22,33;8,63;-5,6;6,62;82,57;106,08;;;;;;;;
1997-05-31;104,904;1,21;0,08;-1,52;-3,09;9,13;-5,32;5,42;82,86;107,55;;;;;;;;
1997-06-30;106,719;1,7;11,87;5,99;9,82;9,16;1,02;7,68;83,06;108,32;;;;;;;;
1997-07-31;107,219;5,38;12,87;6,26;10,55;11,37;1,2;6,2;83,39;110,01;;;;;;;;
1997-08-31;111,737;9,18;23,39;22,02;20,12;11,45;0,48;5,5;83,55;111,84;;;;;;;;
1997-09-30;112,172;13,52;18,43;13,95;12,81;13,12;1,67;4,27;83,44;112,47;;;;;;;;
1997-10-31;118,688;20,94;29,36;32,41;25,21;11,86;-8,78;3,15;83,69;110,78;;;;;;;;
1997-11-30;114,395;22,02;12,05;6,96;12;15,24;8,44;7,06;84,01;113,73;;;;;;;;
1997-12-31;118,254;24,8;26,23;25,89;22,21;13,26;0,54;5,72;84,23;116,94;;;;;;;;
1998-01-31;115,201;27,39;15,29;14,8;9,41;13,57;-1,65;5,62;84,01;117,91;;;;;;;;
1998-02-28;114,64;26,69;17,46;15,28;12,16;16,41;0,12;3,33;84,38;120,45;;;;;;;;
1998-03-31;115,077;28,6;17,36;18,12;15,83;16,02;-0,45;4,14;84,54;120,39;;;;;;;;
1998-04-30;112,716;26,12;14,59;10,6;10,09;14,15;1,83;4,41;84,74;120,71;;;;;;;;
1998-05-31;113,594;27,78;19,73;19,52;14,11;14,53;-1,04;4,69;84,61;120,46;;;;;;;;
1998-06-30;112,163;26,07;14,3;17,15;11,04;13,92;-0,18;4,76;83,83;122,6;;;;;;;;
1998-07-31;110,574;25,29;12,4;14,54;13,03;8,06;1,07;7,17;84,01;120,65;;;;;;;;
1998-08-31;109,378;24,22;12,42;14,46;11,82;7,55;-0,54;7,18;84,05;119,67;;;;;;;;
1998-09-30;105,317;17,95;6,35;4,7;3,64;8,35;-0,81;9,09;83,68;118,24;;;;;;;;
1998-10-31;102,189;13,11;3,17;3,18;2,42;8,24;-0,16;9,11;83,64;115,19;;;;;;;;
1998-11-30;101,748;10,97;7,75;7,56;9,54;8,02;0,96;9,84;83,18;114,59;;;;;;;;
1998-12-31;101,18;8,47;9,75;7,35;7,32;9,09;1,64;9,44;82,88;113,6;;;;;;;;
1999-01-31;101,316;5,12;9,46;10,28;8,85;5,78;-1,01;10,2;82,64;113,6;;;;;;;;
1999-02-28;98,832;1,18;0,31;0,54;-0,53;6,24;-2,71;8,59;82,53;111,74;;;;;;;;
1999-03-31;102,593;7,89;15,95;12,12;6;9,7;-1,14;8,67;82,74;112,77;;;;;;;;
1999-04-30;102,87;7,06;9,35;8,44;8,76;11,48;-1,68;8,51;82,86;112,6;;;;;;;;
1999-05-31;103,87;9,5;11,17;11,36;7,44;9,63;-1,3;8,16;82,7;113,72;;;;;;;;
1999-06-30;107,62;15,75;19,49;14,15;12,96;12,6;-1,74;7,97;83,11;114,63;;;;;;;;
1999-07-31;110,702;22,85;20,1;18,53;14;12,23;-6,55;-0,48;83,29;114,91;;;;;;;;
1999-08-31;109,634;23,92;11,35;6,88;6,88;14,1;-5,79;1,02;83,42;115,46;;;;;;;;
1999-09-30;112,59;26,43;17,99;13,98;13,21;14,34;-6,51;-0,61;83,78;116,05;;;;;;;;
1999-10-31;113,762;25,58;16;17,82;15,68;14,05;-4,24;-1,44;83,72;117,38;;;;;;;;
1999-11-30;115,61;27,4;20,46;20,02;14,08;15,07;-8,76;-3,89;83,94;117,11;;;;;;;;
1999-12-31;114,745;27,33;15,16;12,9;13,44;11,97;-2,77;-1,46;83,97;117,57;;;;;;;;
2000-01-31;113,945;25,56;14,8;11,99;10,2;12,24;-0,39;-4,21;84,2;118,2;;;;;;;;
2000-02-29;116,423;34,38;19,12;18,5;17,87;14,44;-3,9;-2,61;83,99;118,21;;;;;;;;
2000-03-31;117,571;36,22;21,3;20,34;17,19;13,17;-6,8;-5,59;84,44;118,52;;;;;;;;
2000-04-30;117,559;37,31;17,53;14,64;14,01;16,55;-2,64;-6;84,39;119,18;;;;;;;;
2000-05-31;120,996;41,43;28,32;26,53;20,45;11,45;-4,47;-7,46;85,01;118,78;;;;;;;;
2000-06-30;116,865;37,17;12,48;8,49;7,02;12,71;-4,51;-4,73;84,87;119,3;;;;;;;;
2000-07-31;115,235;36,58;10,27;8,54;10,33;16,02;-1,03;-4,31;84,73;119,44;;;;;;;;
2000-08-31;112,221;36,38;6,24;2,77;5,56;17,76;-0,39;-4,58;84,58;120,11;;;;;;;;
2000-09-30;116,503;35,89;23,77;23,81;20,17;17,51;-1,98;-2,05;84,91;121,1;;;;;;;;
2000-10-31;115,218;39,01;14,68;13,24;9,32;16,67;-1,38;-1,26;85,16;123,67;;;;;;;;
2000-11-30;115,944;37,21;13,69;14,39;12,36;17,64;-1,63;1,55;85,02;122,36;;;;;;;;
2000-12-31;116,84;34,79;16,98;16,8;14,41;18,24;-1,21;1,05;85,32;121,78;;;;;;;;
2001-01-31;115,572;31,16;12,55;15,48;15,75;14,38;0,52;1,49;85,11;120,1;;;;;;;;
2001-02-28;112,843;28,11;11,13;13,25;10,45;12,5;0,94;6,07;85,18;118,9;;;;;;;;
2001-03-31;107,88;23,1;2,4;4,71;6,02;8,24;2,77;8,97;84,5;116,31;;;;;;;;
2001-04-30;103,87;17,12;3,3;5,13;2,08;6,76;-1;9,74;83,94;116,16;;;;;;;;
2001-05-31;100,993;14,26;4,55;6,72;1;6,36;-0,68;12,65;83,44;114,25;;;;;;;;
2001-06-30;100,247;12,79;5,16;8,04;9,31;4,29;-0,88;11,15;83,23;112,42;;;;;;;;
2001-07-31;100,853;14,9;10,1;11,74;1,7;9,83;-4,21;13,66;82,58;111,03;;;;;;;;
2001-08-31;98,601;5,71;2,19;9,06;0,22;4,47;-3,77;16,7;82,21;108,77;;;;;;;;
2001-09-30;96,999;0,18;-0,45;11,23;2,22;-0,34;-3,77;12,62;81,94;106,29;;;;;;;;
2001-10-31;93,765;-4,25;-2,36;2,44;-0,66;0,15;-6,67;12,92;81,08;100,43;;;;;;;;
2001-11-30;91,998;-6,16;-1,45;0,99;-0,77;-1,96;-7,64;9,63;80,99;98,98;;;;;;;;
2001-12-31;89,742;-3,75;-4,11;-2,31;-7,27;2,75;7,05;9,38;80,83;94,84;;;;;;;;
2002-01-31;90,326;-9,31;-2,47;1,45;2,45;8,08;-5,31;9,61;78,36;95,17;;;;;;;;
2002-02-28;96,309;0,16;9,01;12,66;6,3;7,24;-10,32;7,21;79,79;94,66;;;;;;;;
2002-03-31;98,164;1,7;9,15;9,82;5,21;10,48;-2,34;5,39;79,81;94,94;;;;;;;;
2002-04-30;105,694;4,52;25,59;25,06;22,81;6,24;-5,86;6,9;80,9;96,66;;;;;;;;
2002-05-31;103,493;7,55;8,99;-2,18;-4,99;12,71;-4,79;4,87;80,34;95,11;;;;;;;;
2002-06-30;103,922;7,12;6,97;8,89;2,92;10,9;1,49;6,41;80,32;93,02;;;;;;;;
2002-07-31;102,826;5,25;5,28;9,65;9,28;7,44;-0,51;5,86;81,31;93,1;;;;;;;;
2002-08-31;105,144;4,97;15,79;20,2;16,21;4,2;-2,3;8,36;81,35;91,17;;;;;;;;
2002-09-30;103,211;5,06;9,36;7,29;6,4;4,37;-2,52;6,27;80,93;89,01;;;;;;;;
2002-10-31;106,018;8,46;17,68;15,67;13,52;4,76;-1,77;6,28;81,2;87,94;6,47;1,86;3,26;6,06;;;;
2002-11-30;103,968;4,54;9,42;10,34;10,62;-0,92;-1,46;5,28;81,35;88,18;1,57;2,59;0,95;6,08;;;;
2002-12-31;99,523;1,35;-2,64;-10,44;-3,25;3,89;-4,38;-0,43;81,91;87,27;-3,36;3,33;-3,12;7,74;;;;
2003-01-31;99,247;-1,15;5,95;8,13;0,5;4,11;-3,15;6,09;81,13;87,68;-2,27;0,06;-4,44;4,31;;;;
2003-02-28;97,593;-5,23;2,86;4,83;7,09;0,08;-1,73;6,37;81,38;86,58;4,02;-3,22;-0,97;-6,96;;;;
2003-03-31;94,273;-11,03;-2,55;1,38;2,57;-2,25;-1,04;8,41;81,01;86,76;-3,18;-1,59;-6,76;1,49;;;;
2003-04-30;95,082;-8,87;5,74;7,16;5,22;-2,74;-2,46;8,37;80,91;86,59;4,95;0,38;4,6;-0,13;;;;
2003-05-31;89,134;-11,89;-9,48;-12,12;-14,65;5,57;-1,98;9,39;80,11;87,57;-5,28;11,7;-1,54;21,61;;;;
2003-06-30;93,085;-14,06;6,87;7,77;6,26;5,01;-3,25;8,03;80,31;90,11;16,03;13,56;8,75;18,1;;;;
2003-07-31;93,84;-12,58;5,82;3,46;3,14;3,6;-4,2;7,49;80,26;91,75;7,44;5,95;5,51;22,5;;;;
2003-08-31;98,212;-9,05;13,13;14,62;11,84;3,23;-3,32;9,76;80,79;92,33;6,14;6,45;6,14;11,74;;;;
2003-09-30;96,393;-6,64;-0,66;-1,9;1,08;5,37;-1,6;8,48;80,74;90,79;4;4,57;8,51;10,51;;;;
2003-10-31;100,139;-1,75;9,93;8,64;6,37;6,71;-2,12;7,37;81,11;92,06;1,02;4,49;3,48;10,83;;;;
2003-11-30;99,541;-4,23;7,61;4,18;1,86;6,68;-2,04;8,17;81,25;92,48;3,5;6,28;6,28;15,4;;;;
2003-12-31;101,825;-2,76;10,44;14,67;14,59;3,7;-0,14;7,4;83,16;94,52;7,17;15,62;7,4;27,23;;;;
2004-01-31;102,099;-2,08;12,73;8,03;6,16;4,13;-2,01;5,16;81,54;95,33;10,68;10,07;11,04;19,59;;;;
2004-02-29;102,92;-0,19;8,94;7,94;6,65;7,76;-2,92;4,89;81,42;95,46;5,26;8,11;6,09;14,38;;;;
2004-03-31;105,494;3,97;14,34;11,21;8,71;9,04;-3,78;1,93;81,78;96,14;14,36;9,95;11,87;18,6;;;;
2004-04-30;106,634;6,8;12,29;10,54;7,78;11,55;-1,48;1,16;81,82;96,41;5,27;14,37;7,88;23,31;;;;
2004-05-31;106,206;6,01;8,91;9,95;8,43;7,1;-1,42;0,64;81,97;98,92;11,07;13,03;13,42;23,74;;;;
2004-06-30;107,303;7,46;11,64;12,49;9,38;8,82;-5,23;0,4;81,84;101,48;16,54;15,95;16,61;25,73;;;;
2004-07-31;107,365;9,73;11,27;9,18;11,88;8,87;-2,49;0,95;82,37;101,4;5,72;13,39;4,82;37,52;;;;
2004-08-31;104,491;8,69;5,04;0,75;3,45;11,02;0,81;4,27;82,18;103,36;11,03;16,04;11,75;26,63;;;;
2004-09-30;106,052;10,15;11,44;12,6;11,13;8,33;-0,82;2,58;82,35;104,85;26,44;16,62;30,15;26,11;;;;
2004-10-31;103,395;9,5;4,04;3,71;5,02;7,32;0,02;2,34;82,23;104,69;14,88;18,52;14,53;28,81;;;;
2004-11-30;106,128;11,25;11,99;16,96;15,22;9,77;1,57;4,45;82,24;104,64;12,91;17,12;12,51;24,96;;;;
2004-12-31;106,035;11,18;11,01;8,63;13,23;5,77;-0,55;3,68;84,39;105,06;16,29;14,54;15,51;24,46;;;;
2005-01-31;105,531;9,95;10,11;10,82;4,55;5,94;-3,02;2,3;82,54;104,77;14,76;15,28;16,38;22,18;;;;
2005-02-28;102,296;6,51;2,7;2,17;-0,53;5,68;-0,68;6,7;81,85;105,84;14,98;19,01;14,71;28,94;;;;
2005-03-31;100,792;2,02;3,09;3,7;-0,12;7,42;-2,54;6,2;81,62;105,54;17,07;14,9;17,71;24,01;;;;
2005-04-30;100,031;-0,81;5,02;5,66;8,8;6,98;-0,17;6,94;81,43;105,16;15,13;13,77;14,11;23,32;;;;
2005-05-31;99,68;1,55;7,66;7,05;5,65;4,04;-1,98;7,42;81,63;104,39;15,98;11,8;12,35;18,57;;;;
2005-06-30;99,238;3;5,95;5,37;4,65;3,15;1,77;8,73;81,4;103,58;13,08;12,55;7,4;18,12;;;;
2005-07-31;99,691;3,54;5,86;5,82;2,34;10,13;-1,63;7,95;80,89;103,17;18,86;16,34;14,16;18,74;;;;
2005-08-31;99,883;2,61;7,06;7,43;5,93;0,82;-2,28;5,43;83,07;102,98;13,89;11,63;12,43;20,17;;;;
2005-09-30;102,62;4,78;14,11;10,02;8,11;6,44;-2,71;5,12;81,38;104,2;20,55;13,25;28,3;23,13;;;;
2005-10-31;99,066;6,25;-2,24;-3,91;-5,98;9,65;-1,43;5,3;81,46;102,99;3,99;15,11;7,78;25,2;;;;
2005-11-30;105,524;8,47;18,81;20,36;19,54;4,36;-2,53;3,59;82;104,46;20,2;15,4;21,33;24,16;;;;
2005-12-31;103,473;8,29;5,5;6,63;8,82;4,35;-0,63;4,24;83,21;104,46;17,9;13,97;17,63;22,08;;;;
2006-01-31;103,307;12,48;8,47;3,81;4,84;5,63;0,21;3,36;82,08;105,07;13,62;14,34;16,94;24,34;;;;
2006-02-28;105,243;15,41;12,53;10,19;9,04;8,49;0,17;3,96;82,24;105,3;15,6;17,37;16,74;25,03;;;;
2006-03-31;108,576;18,8;21,82;16,21;15,97;7,38;-1,45;5,2;82,46;105,93;14,88;16,73;15,84;26,22;;;;
2006-04-30;106,801;17,44;8,28;10,05;6,93;7,52;-1,44;5,74;82,54;106,83;16,25;15,2;18,43;22,48;;;;
2006-05-31;109,649;19,72;17,31;19,13;15,81;4,44;-0,92;3,1;83,36;106,46;23,52;14,84;18,95;22,59;;;;
2006-06-30;105,671;21,89;6,57;3,34;-3,44;5,54;-3,64;1;82,82;106,09;15,39;13,74;15,75;22,58;;;;
2006-07-31;105,68;20,61;8,15;8,26;5,28;6,28;-1,89;0,49;82,57;106,3;12,25;12,93;14,62;15,3;;;;
2006-08-31;106,136;21,26;11,29;9,91;9,16;5,05;-4,4;-1,3;81,62;105,28;13,7;13,09;17,32;20,07;;;;
2006-09-30;105,468;20,79;10,17;8,01;5,83;6,63;-1,47;0,5;82,36;104,5;11,28;12,52;16,42;21,13;;;;
2006-10-31;107,796;24,5;15,52;14,36;10,29;7,82;-1,14;1,79;82,64;104,2;14,23;12,7;17,08;19,61;;;;
2006-11-30;108,506;23,69;13,95;12,91;7,34;8,77;-3,26;2,58;82,85;103,6;12,91;10,48;13,9;17,33;;;;
2006-12-31;110,49;26,03;16,44;14,78;12,73;9,72;-3,75;2,03;83,4;102,61;8,94;12,13;8,71;21,27;;;;
2007-01-31;109,29;27,02;10,78;8,59;7,97;9,5;-1,39;3;83,75;103,61;9,37;19,48;12,72;28,8;;;;
2007-02-28;110,847;29,24;14,89;15,03;13,97;8,51;-3,27;1,01;84,31;104,93;13,05;19,08;19,2;27,68;;;;
2007-03-31;109,803;31,23;12,5;12,23;10,97;5,11;-3,07;1,3;84,55;106,67;31,2;13,34;25,08;24,03;;;;
2007-04-30;107,748;32,25;8,72;6,69;4,94;4,8;-4,49;1,74;84,41;106,66;16,02;13,86;15,9;21,68;;;;
2007-05-31;106,513;32,12;5,29;4,86;1,87;11,85;-2,38;2,54;84,24;106,23;5,4;16,27;5,16;25,77;;;;
2007-06-30;106,54;29,77;11,46;10,95;6,58;6,36;-3,17;3,79;83,95;106,3;22,81;12,61;19,79;22,23;;;;
2007-07-31;104,164;29,69;8,1;4,48;3,89;2,55;-1,94;2,91;83,13;104,26;3,68;12,32;16,32;16,36;;;;
2007-08-31;105,57;30,92;9,41;9,51;8,92;9,44;-2,24;4,64;84,02;103,97;15,55;17,61;16,82;27,29;;;;
2007-09-30;108,229;29,63;16,99;14,28;10,94;10,95;-1,88;4,22;83,66;104,19;7,28;17,79;13,7;26,46;;;;
2007-10-31;110,835;29,16;14,3;17,08;14,37;9,81;-4,29;3,05;84,03;107,28;27,39;14,9;27,84;25,92;;;;
2007-11-30;109,237;30,79;10,7;6,02;4,59;9,71;-4,33;2,74;83,93;108,1;18,16;16,14;15,86;27,83;;;;
2007-12-31;108,375;29,54;7,23;7,01;4;10,97;-3,73;4,64;83,57;107,97;12,56;15,64;15,26;24,88;;;;
2008-01-31;109,249;26,11;10,84;14,96;12,11;9,76;-3,31;4,59;83,79;107,58;16,55;11,57;16,37;19,11;;;;
2008-02-29;107,258;26,26;10,19;8,36;5,24;5,52;-2,97;3,73;83,78;106,67;12,02;11,49;11,15;17,78;;;;
2008-03-31;101,765;22,37;-0,93;-5,04;-0,72;5,18;0,61;5,42;83,13;105,66;9,91;12,28;4,51;18,14;;;;
2008-04-30;102,325;19,88;10,64;8,16;6,45;-3,19;0,7;6,1;83,39;104,13;7,28;6,51;6,64;16,28;;;;
2008-05-31;93,935;15,16;-13,25;-13,36;-18,88;7,8;-0,92;6,63;82,11;102,53;4,1;8,09;4,8;16,05;;;;
2008-06-30;93,686;7,26;-4,19;3,46;1;1,26;0,83;8,29;81,57;100,9;1,87;4,29;-1,42;11,25;;;;
2008-07-31;91,356;5,52;-0,7;-0,67;-0,18;-9,29;-0,99;7,11;80,92;98,41;4,56;-0,05;8,21;3,94;;;;
2008-08-31;90,809;-0,94;-7,61;0,89;5;2,54;-0,63;9,16;80,62;98,2;0,04;8,83;-0,3;14,68;;;;
2008-09-30;84,172;-5,94;-20,44;-8,99;-12,33;-7,35;-1,39;12,22;79,99;94,99;-4,76;-0,97;-7,37;1,57;;;;
2008-10-31;75,18;-20,29;-31,77;-20,53;-19,59;-16,84;5,3;15,53;78,05;92,16;-8,42;-3,54;-15,24;-2,68;;;;
2008-11-30;67,518;-34,45;-30,63;-21,17;-25,47;-16,37;1,52;17,9;74,81;89,7;-11,98;-6;-11,06;-3,2;;;;
2008-12-31;65,278;-37,22;-22,63;-15,57;-19,11;-13,99;-3,65;12,04;71,83;86,87;-6,81;-5,13;-8,73;-4,72;;;;
2009-01-31;64,282;-44,98;-21,85;-13,6;-13,02;-13,57;-4,37;13,2;72,15;86,61;-5,31;-3,54;-13,43;-3,06;;-16,04;-7,6;-4,18
2009-02-28;63,309;-52,76;-23,47;-15,81;-16,72;-13,77;-4,31;15,74;71,03;84,43;-6,9;-8,03;-8,18;-6,42;;-3,3;-8,75;-9,73
2009-03-31;66,424;-51,89;-16,03;-14,15;-15,3;-6,62;-6,09;10,94;70,2;83,07;-10,89;-9,59;-11,29;-9,38;;-4,11;-6,57;-13,44
2009-04-30;72,362;-51,78;-4,6;-2,57;-6,07;-3,79;-8,19;8,26;69,81;81,83;-12,67;-4,34;-15,7;-3,12;;0,46;-4,29;-7,25
2009-05-31;77,235;-49,81;-3,96;-0,39;-1,23;-0,62;-8,95;3,64;69,86;82,49;-6,4;-1,59;-8,91;3,18;82,62;1,93;-3,25;-4,56
2009-06-30;80,077;-45,79;-2,37;-8,27;-5,84;1,81;-5,14;5,02;70,41;83,49;-1,88;2,01;-3,49;3,84;83,99;-1,05;-2,14;-2,45
2009-07-31;86,59;-39,97;5,31;6,73;2,85;4,04;-5,85;4,1;71,05;86,24;3,55;6,37;3;10,06;86,82;0,64;5,83;-2,5
2009-08-31;87,923;-35,98;1,8;2,43;0,59;-0,18;-7,21;3,56;71,83;88,3;10,88;3,61;9,54;11,54;87,68;4,28;-6,62;-2,28
2009-09-30;91,434;-30,39;6,49;1,66;4,74;3,84;-6,16;1,68;72,04;87,92;-3,66;4,25;2,8;11,35;88,41;-3,07;-0,28;-0,35
2009-10-31;95,179;-23,62;12,02;10,13;8,1;1,74;-7,56;0,55;72,87;88,84;8,95;4,81;11,64;10,54;90,24;2,46;3,83;0,96
2009-11-30;97,137;-20,95;9,81;7,27;7,1;5,91;-4,84;-0,45;73,13;89,85;5,01;10,37;4,17;21,55;91,35;3,45;6,04;2,3
2009-12-31;98,42;-15,23;10,93;8,37;5,22;3,43;-4,3;-1,57;73,34;90,94;13,02;9,5;14,47;16,12;91,31;8,12;-2,71;6,8
2010-01-31;99,082;-10,74;7,51;7,96;7,15;3,38;-3,65;-2,04;73,66;90,82;3,25;7,28;5,44;13,91;90,77;-10,75;5,55;5,64
2010-02-28;99,53;-9,09;9,27;7,85;7,07;5,3;-2,29;0,09;74,12;91,53;5,79;6,57;2,98;11,78;90,01;-1,24;6,22;4,09
2010-03-31;101,47;-4,32;13,64;12,52;11,16;2,72;-4,4;-1,17;74,82;93,42;14,22;9,52;14,62;16,65;91,3;5,06;4,85;4,76
2010-04-30;100,598;-1,38;6,42;5,47;4,11;5,56;-3,74;-0,67;75,02;95,45;11,84;12,39;13,37;21,49;91,17;5,9;4,37;5,24
2010-05-31;101,037;2,02;8,56;8,57;9,53;0,99;-0,87;-0,04;76,27;96,59;14,73;7,43;15,2;13,06;90,68;14,62;-3,58;5,19
2010-06-30;102,687;5,47;10,47;11,32;7,23;3,63;-3,86;-2,14;76,91;97,98;7,53;11,2;7,73;19,04;91,35;-3,37;5,12;8,12
2010-07-31;102,079;5;7,22;7,46;5,95;7,2;-3,73;-0,43;76,63;98,4;8,5;10,35;8,69;17,28;94,24;1,89;10,9;10,93
2010-08-31;101,569;7,79;9,25;1,96;3,48;8,65;0,94;-0,41;75,12;98;8,2;4,61;6,63;10,65;96,06;4,78;2,04;11,62
2010-09-30;104,356;11,84;13,78;12,93;10,87;6,4;-4,35;-1,91;77,37;98,98;14,79;11,49;19,7;20,14;96,98;-0,07;5,79;13,26
2010-10-31;104,491;13,38;10,36;5,76;5,06;11,5;-3,6;-1,64;77,16;99,08;9,93;13,1;10,74;24,14;98,97;4,08;9,19;13,79
2010-11-30;107,299;16,08;16,76;15,3;12;9,99;-2,18;-0,4;78,3;100,14;13,03;9,37;15,17;18,46;101,5;4,03;7,93;15,4
2010-12-31;106,931;18,51;13,34;6;5;9,31;-0,79;0,05;78,37;100,44;5,57;8,7;6,01;17,51;101,43;-4,71;9,99;16,99
2011-01-31;110,68;23,68;18,1;20,46;19,82;8,13;-1,55;1,72;79,83;103,79;19,18;12,05;20,82;19,94;105,44;20,39;7,28;18,29
2011-02-28;109,75;21,33;11,38;13,73;12,59;6,91;-1,63;0,65;80,12;103,93;12,84;12,99;11,87;20,87;106,58;10,99;6,54;21,14
2011-03-31;108,595;21,7;11,62;7,83;6,08;6,66;-4,11;0,3;80,2;104,42;9,77;10,7;10,11;18,73;106,87;5,42;8,22;22,42
2011-04-30;106,075;16,13;2,53;4,17;4,65;11,36;-0,19;1,15;79,88;103,9;11,31;11,44;11,46;18,27;106,62;2,84;9,11;17,34
2011-05-31;106,038;19,29;11,09;17,54;17,16;-5,75;2,52;1,44;81,51;103,2;15,82;3,7;12,49;10,26;106,48;23,58;-2,89;22,42
2011-06-30;98,013;15,17;-1,58;-8,56;-16,65;0,05;-1,32;2,58;79,96;102,6;10,35;6,4;12,31;12,17;104,96;-8,26;6,71;19,59
2011-07-31;99,456;11,59;6,29;5,97;4,34;4,1;-1,23;3,15;79,39;100,41;1,21;8,17;0,83;13,74;102,65;-0,77;6,96;19,1
2011-08-31;98,154;12,57;4,4;4,48;4,95;2,11;-1,03;3,51;78,91;98,23;0,72;5,17;1,1;10,3;101,64;4,31;3,12;18,49
2011-09-30;95,717;9,13;-1,21;1,93;0,18;1,13;-1,85;4,53;79,39;97,42;9,79;2,64;12,22;7,93;101,4;3,87;4,7;19,28
2011-10-31;95,529;5,48;-0,84;3,32;1,19;1,62;-0,78;3,87;79,15;96,32;0,25;2,92;-1,66;8,28;98,78;-2,75;3,17;16,75
2011-11-30;95,634;5,2;1,45;2,6;1,77;3,2;-2,27;3,9;78,91;95,24;2,06;1,74;0,7;7,26;97,05;1,2;4,18;14,51
2011-12-31;95,028;2,54;-0,19;2,7;2,94;1,52;-1,33;1,93;78,95;95,48;5,16;3,03;3,76;7,94;95,62;9,08;1,57;13,57
2012-01-31;94,768;2,92;1,11;3,04;2,37;-0,42;-1,93;3,66;78,87;94,57;2,02;0,78;1,7;5,3;94,13;6,24;-3,29;11,36
2012-02-29;93,992;1,8;-0,28;-2,99;-4,7;4,18;-3,48;3,56;78,21;94,92;0,09;4,95;0,5;9,06;92,76;-26,8;11,25;12,14
2012-03-31;94,872;-0,2;0,01;8,6;5,98;1,31;-1,84;5,56;78,43;95,26;3,66;2,76;2,72;7,57;95,41;15,71;1,31;11,3
2012-04-30;92,939;-0,79;-2,39;-2,31;-2,78;1,25;-1,31;4,4;77,75;94,31;2,26;2,02;3,23;7,46;94,55;-4,16;3,15;10,25
2012-05-31;91,393;-2,18;-5,8;-2,12;-5,79;2,86;-2,13;4,74;77,1;93,11;-9,23;4,09;-8,34;9,01;93,05;-0,24;2,89;8,21
2012-06-30;91,142;-2,96;-2,69;0,78;-0,24;-1,74;-1,48;5,67;77,19;92,03;0,12;0,52;-2,08;2,47;92,77;1,76;0,84;6,67
2012-07-31;90,802;-3,64;-0,25;-1,68;-1,27;0,03;0,01;4,43;76,87;91,74;-0,34;2,86;0,14;7,35;91,31;-0,48;1,43;5,41
2012-08-31;92,536;-6,34;6,7;7,19;4,59;-4,75;-2,69;2,17;76,98;91,07;-1,22;1,19;-1,58;4,92;90,12;-0,32;0,93;6,1
2012-09-30;90,064;-10,16;-4,88;-3,86;-4,18;-2,56;-2,22;3,62;76,03;90,98;-6,65;3,46;-4,29;6,27;88,95;-2,24;-0,46;3,51
2012-10-31;90,502;-8,95;-2,97;-1,21;-1,09;-0,26;-3,44;2,97;76,01;90,23;-2;2,36;-3,78;7,4;87,7;1,67;-0,34;4,27
2012-11-30;90,515;-9,64;-3,76;-2,54;-2,77;2,13;-3,76;-0,09;76,11;91,6;3,55;5,16;3,68;10,55;86,53;0,19;-0,51;4,95
2012-12-31;93,673;-7,69;8,92;9;2,27;0,07;-5;1,43;76,33;90,51;0,7;3,37;0,51;6,79;85,88;-7,4;-1,64;3,66
2013-01-31;91,7;-10,05;-3,21;-3,48;-3,99;2,61;-4,17;2,08;75,15;89,82;-1,48;3,42;-1,61;9,42;85,09;-6,94;2,97;4,41
2013-02-28;93,214;-10,11;1,49;3,8;1,49;0,94;-3,82;2,01;75,23;88,97;-1,13;1,8;-0,68;7,02;86,45;2,37;4,5;4,93
2013-03-31;92,197;-11,36;-1,91;0,37;-0,25;2,12;-3,07;1,74;75,23;88,92;0,72;3,92;0,22;8,99;86,32;-5,18;4,65;2,48
2013-04-30;94,121;-10,15;4,23;6,32;6,49;2,06;-1,81;2,38;75,7;89,06;1,12;3,29;-1,07;9,38;87,2;3,38;1,95;2,03
2013-05-31;93,404;-9,42;0,58;2,37;0,8;1,6;-3,2;2,34;75,59;88,88;1,06;2,06;1,73;5,41;87,67;-2,2;3,34;3,98
2013-06-30;95,313;-8,82;5,58;3,67;4,14;5,37;-2,79;1,6;75,43;90,31;1,8;7,76;0,54;12,68;89,82;2,52;4,62;5,72
2013-07-31;94,972;-6,8;1,43;1,52;5,45;4,17;1,74;1,94;76,11;91,15;2,67;6,33;3,8;13,01;91;5,58;3,94;6,66
2013-08-31;95,717;-5,29;4,37;3,29;0,47;6,89;-4,26;0,64;74,19;92,87;6,77;5,48;6,28;12,17;91,46;-7,44;9,28;6,57
2013-09-30;97,511;-4,07;5,45;8,2;8,4;6,71;-1,8;1;76,26;92,59;2,46;5,71;3,65;11,94;93;4,55;5,96;10,2
2013-10-31;98,29;-1,36;6,85;6,96;5,88;4,32;-2,21;1,89;76,32;92,65;7,58;5,74;8,06;11,57;94,29;6,2;2,66;6,15
2013-11-30;99,345;1,44;8,89;8,38;8,03;3,21;-1,61;2,73;76,72;92,45;2,28;4,53;1,65;11,06;93,33;0,84;2,59;2,65
2013-12-31;97,433;0,18;2,36;0,75;-7,08;11,38;-2,01;2,5;74,82;92,97;0,4;7,01;2,45;14,13;94,9;3,52;5,11;6,6
2014-01-31;97,871;1,83;3,52;3,36;5,6;5,8;-1,65;2,59;75,86;94,64;11,8;5,87;10,48;11,97;96,69;5,22;2,6;6,93
2014-02-28;98,768;3,24;7,01;10,86;10,19;2,88;-1,85;2,34;76,38;94,49;4,73;5,15;5,24;11,44;94,25;-2,67;1,77;2,09
2014-03-31;97,481;3,17;3,3;3;3,54;5,01;-1,13;2,45;76,02;93,67;0,95;6,22;1,07;11,84;92,38;-1,39;1,52;2,68
2014-04-30;96,974;2,48;3,68;4,13;4,18;1,41;-2,65;3,34;76,51;93,92;2,25;5,56;2,56;10,96;90,91;-0,91;-0,22;3,48
2014-05-31;96,239;3,01;2,49;0,2;-2,86;6,83;-3,17;2,41;75,9;93,07;-1,24;7,78;-3,01;12,88;89,15;-8,81;3,24;-0,27
2014-06-30;96,373;1,68;3,39;3,9;4,28;6,81;-0,6;3,51;76,07;93,55;0,63;8,46;1,07;15,08;87,28;-2,19;-0,02;0,19
2014-07-31;96,608;1,69;5,31;6,16;3,24;3,5;-2,35;3,58;76,15;93,36;7,16;7,35;6,22;12,94;86,94;0,22;2,59;-2,7
2014-08-31;96,763;-0,61;3,1;6,49;4,19;4,72;-1,17;3,65;74,96;94,09;10,39;5,65;8,45;11,88;85,26;-5,08;0,32;-3,86
2014-09-30;97,104;-0,38;4,55;4,47;4,43;4,22;-0,27;1,69;76,39;92,57;2,38;2,82;2,71;8;85,03;-0,88;-1,93;-5,4
2014-10-31;96,068;0,2;2,11;3,4;1,68;1,81;-1,93;3,88;76,39;92,94;2,66;3,27;2,19;8,54;83,07;-3,85;-1,29;-4,66
2014-11-30;95,593;-0,74;2,98;4,49;2,17;-0,63;-2,33;3,27;76,5;92,77;-0,52;5,13;-0,67;10,15;83,72;-4,4;-1,02;-3,88
2014-12-31;95,693;2,76;5,12;3,1;-0,16;6,99;-2,95;4,25;75,9;91,65;9,44;4,09;9,06;10,29;84,46;-3,99;2,97;-4,39
2015-01-31;96,612;0,64;6,23;7,2;5,78;4,88;-0,04;3,61;76,73;91,31;2,7;5,42;0,98;10,86;83,03;1,14;-2,16;-8,15
2015-02-28;96,031;0,29;3,33;3,21;2,82;4,11;-0,9;4,91;76,57;92,6;8,13;4,84;6,58;10,21;82,32;0,06;-2,32;-4,11
2015-03-31;96,864;2,34;4,97;6,13;3,4;4,51;-1,21;3,58;76,62;93,44;4,18;7,45;3,92;14,36;84,33;4,01;-0,82;-1,39
2015-04-30;97,201;4,93;6,46;4,52;2,19;4,15;-2,11;3,54;76,75;95,45;10,36;6,56;9,72;13,24;85,59;-1,16;-0,06;0,32
2015-05-31;98,205;4,97;6,92;5,26;2,83;9,52;-0,51;3,99;76,78;95,36;2,49;8,63;1,72;16,03;87,6;-3,93;6,12;2,68
2015-06-30;99,535;6,25;8,7;9,8;8,18;3,31;-2,52;3,69;77,33;96,76;10,7;8,34;11,02;15,22;88,94;6,65;2,5;-0,8
2015-07-31;98,52;6,73;5,14;3,52;0,88;3,96;-3,67;3,91;77,2;97,25;9,32;5,53;9,07;12,23;91,28;2,55;3,13;5,52
2015-08-31;97,998;8,56;4,29;2,47;0,91;6,21;-2,91;4,24;76,6;96,79;6,01;4,2;3,12;11,31;92,17;-1,05;2,97;4,27
2015-09-30;97,944;8,65;5,55;4,62;3,84;3,99;-2,82;4,56;77,58;97,47;11,36;9,24;11,4;16,58;91,83;3;3,45;4,72
2015-10-31;98,161;8,02;6,95;4,99;6,99;4,01;-0,46;4,02;77,97;97,39;8,79;9,9;9,68;17,14;92,73;1,29;5,14;6,88
2015-11-30;97,47;7,11;4,62;4,73;4,46;2,33;-0,14;4,05;77,83;96,21;2,32;9,7;1,51;16,46;92,52;0,93;2,89;5,74
2015-12-31;97,385;5,77;1,37;2,92;2,04;8,24;-0,34;4,38;77,76;95,74;7,82;6,68;7,51;11,26;92,78;2,31;5,32;6,06
2016-01-31;98,683;7,15;8,46;6,72;7,15;4,8;-0,46;4,18;78,24;95,69;11,73;8,25;10,87;14;93,19;12,62;1,16;6,17
2016-02-29;98,078;6,26;5,31;6,76;4,82;3,53;0,27;4,4;78,07;95,84;9,76;7,38;9,88;12,94;93,16;-0,22;2,48;4,84
2016-03-31;96,574;7,01;3,25;-1,36;-3,5;5,67;-1,27;4,63;78,01;97,5;5,64;7,71;6,65;14,43;92,28;-0,74;3,96;5,35
2016-04-30;98,824;7,18;6,77;7,51;6,54;8,85;-1,46;3,42;78,02;97,86;5,13;14,4;6,53;21,87;94,44;3,93;5,42;8,76
2016-05-31;97,436;7,16;4,37;3,65;4,25;2,52;-1,57;2,59;77,9;99,07;12,33;6,82;14,12;11,99;94,98;11,78;0,78;10,82
2016-06-30;96,033;7,99;2,49;-1,22;-1,97;2,94;-1,21;2,41;77,7;98,25;6,55;8,2;6,34;15,19;96,4;-2,11;3,28;13,6
2016-07-31;97,379;9,59;6,17;5,54;5,82;3,44;-1,07;4,16;77,97;98,46;8,86;5,51;8,56;10,02;98,11;3,53;4,68;13,24
2016-08-31;98,458;9,9;10,09;5,52;5,07;5,3;0,12;4,22;78,1;98,07;1,18;11,35;2,98;17,86;98,91;3,58;6,29;13,55
2016-09-30;98,505;11,94;7,2;5,42;4,26;3,54;0,2;4,3;78,04;98,26;8,56;10,43;8,04;18,38;98,08;-0,55;6,13;14,37
2016-10-31;97,746;11,87;2,15;2,01;0,89;8,76;1,56;5,07;77,81;98,98;11,97;12,2;13,37;19,94;101,44;4,9;7,51;15,02
2016-11-30;101,16;14,83;13,62;9,82;7,23;8,67;-2,5;2,66;78,11;99,75;15,67;10,98;15,02;18,66;102,56;6,1;7,64;15
2016-12-31;101,969;14,33;9,75;12,29;12,2;2,12;-2,05;1,32;78,62;99,79;9,45;12,75;9,6;20,88;102,24;5,5;3,76;13,42
2017-01-31;99,978;14,65;5,59;-1,95;-4,7;6,76;-3,41;1,43;78,55;100,2;7,49;12,66;8,38;21,66;101,35;2,02;7,8;18,51
2017-02-28;102,137;14,72;9,36;6,67;6,47;7,94;-2,74;1,2;78,84;100,49;10,37;12,79;11,44;21,56;103,72;8,73;4,99;20,36
2017-03-31;103,029;18,4;11,81;8,79;7,33;6,11;-2,83;0,52;79,25;100,33;14,02;8,54;13,46;16,25;104,53;4,43;4,92;22,01
2017-04-30;102,757;17,2;8,47;5,81;4,64;10,27;-1,2;1,23;79,2;100,48;10,33;12,68;10,34;20,11;103,73;1,46;5,67;16,54
2017-05-31;106,133;20,98;14;17,23;18,1;6,52;-0,03;3,45;79,85;100,61;13,51;9,72;14,16;17,49;103,58;12,4;4,77;18,34
2017-06-30;105,215;21,57;9,73;7,58;6,7;7,13;-1,86;0,39;80,11;100,32;11,09;8,76;9,92;15,06;107,2;3,98;6,44;19,48
2017-07-31;105,489;21,1;10,71;8,88;7,55;7,81;-0,24;-0,11;80,13;99,84;12,15;6,04;13,09;11,5;107,31;2,21;6,28;19,99
2017-08-31;105,624;21,98;11,7;10,56;8,18;6,41;-1,17;-0,87;80;100,91;11,49;12,87;13,01;19,87;107,15;11,17;4,72;22,2
2017-09-30;104,946;21,98;10,53;6,05;4,66;8,31;-1,84;-0,26;80,45;101,5;14,49;14,05;13,89;22,95;107,54;1,8;6,98;21,53
2017-10-31;105,417;23,65;9,6;10,18;8,06;8,88;-1,55;-0,57;80,77;102,15;10,94;13,72;11,7;23,45;106,86;5,05;5,89;21,6
2017-11-30;105,623;23,47;12,37;10,17;9,9;6,3;0,69;0,2;81,04;103,06;17,04;13,2;17,8;22,19;107,69;8,53;8,12;25,56
2017-12-31;105,013;23,69;11,83;4,25;3,38;8,34;-0,33;1,36;81,51;103,39;12,87;14,35;12,96;24,65;107,36;7,76;3,03;23,4
2018-01-31;104,31;22,1;6,89;9,11;7,25;4,34;0,73;1,39;80,73;104,41;15,18;15,23;16,3;25,2;108,11;1,26;7,7;20,39
2018-02-28;103,384;22,24;8,6;3,57;3,08;6,95;-0,43;0,58;80,57;103,64;4,68;16,25;7,32;25,92;107,8;-0,71;9,41;23,35
2018-03-31;103,208;19,82;8,89;7,58;6,62;5,81;-1,21;1,67;80,53;103,7;13,98;13,72;15,47;22,94;107,85;2,47;7,72;22,42
2018-04-30;101,433;21,8;6,16;4,62;7,42;-0,76;0,62;2,89;80,87;103,19;13,16;10,44;14,26;17,58;107,69;10,52;0,42;23,07
2018-05-31;102,147;20,29;6,12;4,73;1,3;14,63;-4,26;2,15;78,8;102,42;5,55;13,88;6,29;21,98;108,93;-6,9;13,12;25,19
2018-06-30;104,444;20,66;11,52;14,82;16,41;6,88;1,54;2,18;80,42;102,93;17,31;8,74;15,64;15,9;108,04;19,4;6,93;24,52
2018-07-31;102,69;22,68;4,14;4,84;4,06;7,41;-0,81;1,03;80,53;102,04;5,72;12,76;7,11;22,06;106,12;5,65;5,65;22,68
2018-08-31;101,972;23,51;6,01;0,57;3,13;4,95;-2,07;1,68;80,62;102,05;5,58;12,64;6,69;22,51;105,27;5,52;5,56;22,72
2018-09-30;104,095;19,35;13,77;10,39;6,92;8,4;-1,62;1,44;80,28;102,88;9,89;13,02;12,61;23,15;107,59;7,49;4,96;25,9
2018-10-31;102,342;18,37;6,95;4,88;4,33;6,01;-1,19;2,64;80,1;103,17;10,88;10,03;10,31;18,07;109,08;4,92;5,39;25,21
2018-11-30;100,371;13,94;3,87;1;1,51;6,56;-1,97;4,34;79,63;102,35;3,63;7,97;3,77;16,05;108,68;2,77;3,77;25,01
2018-12-31;101,05;15,76;5,03;6,5;8,47;6,11;-0,89;4,37;79,66;102,56;7,08;11,72;6,54;20,24;107,25;6,29;4,83;23,16
2019-01-31;100,649;15,01;8,94;7,1;5,06;5,43;-0,2;4,27;79,44;101,5;8;9,09;7,39;17,43;106,88;2,87;4,77;25,33
2019-02-28;100,443;14,63;5,84;5,46;4,36;7,39;-2,28;3,42;79,7;102,27;10,63;10,03;11,5;17,65;108,33;7,47;6,26;25,08
2019-03-31;100,706;13,3;6,14;7,34;7,41;5,89;0,54;3,7;79,84;102,08;8,27;11,91;8,6;20,17;108,77;6,23;6,05;26,18
2019-04-30;100,641;14,24;6,31;7,98;5,63;2,65;-1,73;3,03;79,98;101,58;7,49;7,32;7,97;14,23;108,48;3,66;4,83;25,61
2019-05-31;100,105;14,87;5,92;6,57;6,92;1,61;-1,44;3,19;79,66;101,16;7,11;7,42;7,53;13,94;107,9;8,03;4;26,02
2019-06-30;97,87;14,02;1,8;-0,84;-1,88;4,72;-1,25;3,78;79,37;101,02;5,14;8,71;6,37;15,07;107,75;4,9;2,58;25,8
2019-07-31;98,419;11,22;6,02;5,22;5,6;3,74;-1,8;4,27;79,08;101,09;8,25;10,16;8,87;18,83;107,84;6,51;9,8;28,24
2019-08-31;97,508;12,21;1,71;4,14;2,35;7,38;-1,46;3,39;78,33;100,27;7,2;6,96;8,14;13,9;108,06;2,4;5,24;28,82
2019-09-30;97,38;12,32;4,63;2,92;2,64;3,2;-0,43;3,22;78,98;100,16;3,5;7,51;5,01;13,45;109,93;5,88;4,94;29,49
2019-10-31;97,411;11,79;6,19;4,37;4,53;0,5;-1,34;3,66;78,83;99,69;6,64;7,56;5,17;14,35;109,32;8,04;4,65;30,18
2019-11-30;95,542;8,67;0,35;-2,65;-2,41;3,14;-2,74;1,64;78,57;100,3;5,06;9,34;7,19;16,39;109,39;6,36;5,1;29,8
2019-12-31;95,305;7,58;0,91;2,38;-0,1;2,96;-2,04;1,01;77,62;98,33;-0,21;8,56;2,08;14,58;108,92;-1,23;5,47;29,28
2020-01-31;96,716;7,41;8,08;1,95;3,55;5,07;-4,26;1,72;78;100,45;14,22;8;13,99;13,91;109,37;7,3;5,32;27,86
2020-02-29;94,967;4,96;1,52;2,91;3,74;-1,31;1,42;4,84;77,81;97,21;2,7;1;3,65;3,65;107,81;4,85;2,27;25,74
2020-03-31;49,089;-42,36;-79,4;-101,23;-114,44;-51,65;-18,68;-10,56;55,42;74,6;-123,06;-66,57;-122,93;-91,67;74,94;-146,46;-65,11;-7,28
2020-04-30;43,755;-51,56;-68,86;-72,44;-67,46;34,39;-6,32;-4,52;45,67;72,61;-110,56;11,26;-110,77;18,62;74,75;-99,29;41,26;1,08
2020-05-31;78,687;-32,49;36;60,82;67,62;29,12;2,06;4,68;59,98;81,49;40,62;24,54;37,31;37,76;97,62;87,35;30,83;16,76
2020-06-30;89,211;-18,55;28,79;41,71;44,01;12,91;-0,96;2,83;69,14;86,68;46,31;13,34;45,48;22,42;106,74;44,69;8,84;13,73
2020-07-31;101,712;-13,1;20,7;22,98;26,01;14,38;-0,54;1,59;72,29;93,04;28,23;11,28;25,83;10,25;107,59;17,04;18,68;16,05
2020-08-31;107,478;-9,78;9,4;11,74;10,11;-1,04;-0,56;1,41;75,89;95,85;10,87;7,25;11,42;13,4;107,39;11,76;-1,59;15,03
2020-09-30;104,541;-6,81;6,37;1,76;-4,18;2,99;-4,06;-1,02;74,99;94,94;5,14;3,33;5,83;7,49;105,32;-5,98;0,83;14,94
2020-10-31;100,119;-4,96;7,88;9,7;8,75;-7,88;-2,89;0,14;75,53;87,7;1,93;-31,69;0,39;-41,55;101,41;1,03;-5,54;10,21
2020-11-30;99,072;-2,56;9,87;8,93;7,94;1,46;-2,63;-0,56;75,63;86,74;-27,67;5,28;-26,08;9,57;101,1;-1,29;0,02;13,67
2020-12-31;97,963;-2,65;7,17;4,78;7,95;-0,04;-0,76;-1,42;76,05;88,46;11,68;5,2;12,1;8,77;101,67;5,68;1,24;18,26
2021-01-31;98,216;0,52;7,3;6,7;5,49;0,82;-1,79;-1,33;76,52;88,37;8,57;-2,08;8,18;0,92;102,84;5,61;0,22;18,46
2021-02-28;99,761;3,46;11,46;7,91;6,62;2,17;-1,94;-0,1;76,57;89,5;3,87;0,54;6,29;3,87;104,68;2,33;3,1;21,13
2021-03-31;100,347;8,32;10,98;6,35;5,8;0,13;-2,43;-2,28;76,83;90,04;4,22;-6,25;6,04;-5,42;107,3;8,06;0,13;24,75
2021-04-30;101,65;13,14;9,41;5,04;4;7,93;-3,99;-4;76,6;91,76;-5,98;9,65;-4,82;18,82;109,27;4,09;3,6;28,14
2021-05-31;102,732;17,61;9,17;5,46;6,86;5,25;-1,63;-3,8;77,47;96,63;21,88;13,43;19,81;22,51;112,18;11,4;2,28;28,99
2021-06-30;103,378;20,47;9,43;3,37;3,5;7,82;-3,59;-3,85;77,71;100,97;24,82;12,48;27,96;21,65;113,78;-2,53;3,03;31,14
2021-07-31;105,655;21,47;11,42;7,77;9,11;14,76;-1,71;-2,33;78,18;101,97;12,37;11,79;12,89;10,97;116,18;2,28;15,82;26,72
2021-08-31;104,354;21,3;10,09;6,87;8,01;-2,49;2,88;-1,36;78,89;101,87;5,64;5,96;11,46;12,1;115,6;1,54;2,23;31,45
2021-09-30;100,206;23,12;0,18;-6,74;-10,34;3,68;-3,85;-1,48;78,65;102,8;12,45;9,62;14,35;17,24;114,93;-3,01;1,94;29,33
2021-10-31;102,619;22,79;9,44;5,2;5,07;6,78;0,35;-2,68;78,87;104,29;18,63;11,1;19,12;19,56;116,92;4,68;2,49;32,04
2021-11-30;105,118;24,05;16,51;9,81;10,45;8,7;0,8;-2,5;79,14;104,22;10,93;9,44;13,41;17,41;119,05;4,47;5,31;32,1
2021-12-31;104,366;24,39;10,52;8,5;7,87;2,17;-1,43;-1,8;79,12;103,77;6,6;5,11;4,14;10,01;118,57;1,83;0,94;31,8
2022-01-31;102,692;25,56;2,95;-0,01;-1,6;6,93;-2,14;-0,14;79,02;104,8;8,23;10,58;9,8;18,99;118,56;1,19;2,9;29,08
2022-02-28;104,051;25,37;9,43;7,67;6,34;2,9;-1,21;-1,81;78,85;105,94;15,13;9,86;16,01;16,77;117,68;5,71;0,36;29,11
2022-03-31;99,864;23,27;-0,59;-4,93;-5,4;2,37;-2,58;-3,98;78,04;106,52;9,67;7,36;10,63;14,39;120,03;0,5;1,22;24,86
2022-04-30;101,016;16,82;5,91;1,52;0,97;10,45;-0,21;-1,74;78,37;108,16;8,64;11,11;9,42;19,58;121,95;0,29;5,74;20,17
2022-05-31;103,003;15,46;8,96;14,98;13,85;1,16;0,32;-0,2;79,43;108,6;16,35;4,24;16,48;9,02;121,91;10,44;-3,84;20,65
2022-06-30;99,943;16,69;5,56;-3,19;-1,66;0,57;1,37;-0,62;78,69;107,59;4,67;4,7;6,39;10,66;119,28;-0,67;2,4;17,42
2022-07-31;100,719;15,07;5,48;5,08;1,57;7,19;-0,06;0,06;77,92;107,5;6,73;14,36;8,7;13,37;115,9;1,88;2,56;16,26
2022-08-31;101,089;14,96;7,65;5,89;6,7;2,16;-1,57;0,89;79,67;106,8;10,53;8,15;12,32;13,88;115,82;-0,14;8,54;15,03
2022-09-30;98,759;12,17;1,8;3,61;1,51;2,26;1,43;2,44;78,87;106,84;11,33;6,76;12,25;13,27;118,07;6,22;2,26;19,51
2022-10-31;98,204;11,31;2,41;1,71;0,75;6,07;-0,91;2,37;78,33;106,28;9,5;5,86;10,52;11,6;117,98;3,07;2,47;14,54
2022-11-30;100,378;10,87;10,87;10,51;11,01;3,97;-0,12;4,2;78,19;105,62;11,14;5,91;10,8;12,08;117,35;6,93;0,23;14,89
2022-12-31;98,404;9,85;4,73;5,45;4,43;1,98;0,95;8,28;77,81;106,52;10,04;5,3;9,69;11,52;117,4;3,45;1,11;11,33
2023-01-31;97,449;4,36;3,31;2,31;0,76;1,91;-0,67;4,77;77,45;105,49;7,12;5,65;6,65;11,3;115,88;7,63;-1,38;15,54
2023-02-28;96,735;4,33;0,84;2,51;-0,12;6,49;-4,17;5,91;77,41;103,86;7,09;6,82;6,26;12,57;113,71;0,17;-0,14;11,9
2023-03-31;95,999;4,39;-0,24;3,04;4,88;4,91;1,63;5,37;77,15;103,04;7,3;4,99;6,61;10,63;109,27;3,68;-2,08;11,72
2023-04-30;94,497;2;-1,17;2,43;1,79;3,83;0,94;6,98;77,17;102,2;8,78;6,66;9,43;11,32;108,38;2,4;0,71;11,52
2023-05-31;94,523;-1,45;1;6,06;7,06;0,67;2,37;7,5;77,64;99,93;6,78;4,96;6,27;11,39;106,28;8,42;0,67;10,65
2023-06-30;94,195;-0,29;2,47;4,44;3,2;-0,75;-2,11;6,79;77,4;99,49;8,82;6;7,14;11,79;104,08;3,66;-2,61;10,22
2023-07-31;93,802;1,05;3,16;2,08;0,53;-0,25;-1,75;7,04;77,04;99,45;8,48;14,43;8,72;13,63;102,77;-0,08;6,06;8,7
2023-08-31;93,227;-2,45;2,12;0,54;-0,96;2,42;-2,25;6,56;76,53;98,68;6,64;4,79;6,2;11,36;104,54;3,29;11,26;8,25
2023-09-30;94,346;-3,99;3,92;6,38;2,48;3,56;-0,95;6,69;76,2;98,65;4,69;5,14;6,23;10,34;102,88;5,79;-1,11;5,19
2023-10-31;93,391;-5,6;0,66;3,25;1,82;1,19;-1,2;7,53;76,34;97,97;6,98;4,28;5,28;9,14;99,6;1,66;0,14;1,53
2023-11-30;92,5;-6,66;-0,27;1,12;2,22;-0,85;-2,22;6,46;76,2;97,68;5,87;4,32;5,12;9,72;97,94;0,74;1,41;0,54
2023-12-31;95,467;-4,49;8,79;8,47;5,6;4,07;-3,34;6,84;76,25;97,91;9,59;5,17;9,12;9,31;96,65;9,84;-2,37;0,01
2024-01-31;94,072;-6,02;-0,51;3,74;1,69;3,91;-0,19;6,58;75,65;97,2;5,56;3,83;6,12;9,18;95,99;-1,21;1,3;-1,97
2024-02-29;95,23;-5,16;4,35;6,21;5,78;0,6;-2,05;5,97;75,77;97,72;8,89;4,74;10,04;9,64;95,26;4,87;-1,15;-3,38
2024-03-31;93,794;-6,54;1,15;0,5;-1,57;2,38;-1,51;7,11;75,8;97,22;8,4;5,55;8,28;10,09;95,59;2,44;0,1;-1,7
2024-04-30;94,638;-5,16;5,59;7,42;9,1;-5,04;-0,9;7,03;75,72;96,94;8,41;2,98;9,32;9,43;94,14;1,8;-6,08;-1,33
2024-05-31;92,32;-6,08;1,63;-5,51;-10,2;4,44;-5,1;4,5;74,99;97,08;4,06;8,12;4,53;14,83;92,97;-10,84;0,52;-2,92
2024-06-30;93,156;-7,05;0,19;3,7;4,28;4,55;0,09;7,69;75,06;95,8;1,91;3,8;2,78;8,82;92,76;10,14;-1,54;-4,94
2024-07-31;93,42;-7,2;2,4;4,29;3,06;2,43;-1,47;6,18;75,07;95,58;2,96;8,83;1,99;7,23;91,98;1,95;-0,01;-4,77
2024-08-31;92,902;-6,76;-1,15;3,15;-0,4;4,92;-0,41;7,72;74,77;95,81;13,84;2,12;12,53;5,38;92,6;-3,52;7,05;-4,7
2024-09-30;94,085;-8,61;3,49;4,78;5,14;2,61;-2,26;5,78;74,94;94,55;4,04;4,15;1,43;8,55;93,08;4,93;0,04;-5,86
2024-10-31;94,797;-8,45;4,94;6,3;4,58;1,09;-1,52;5,81;75,02;93,98;2,63;3,01;2,28;7,48;93,65;2,25;-1,32;-2,83
2024-11-30;94,148;-9,04;3,12;4,45;1,16;0,99;-1,55;6;74,95;94,51;4,37;5,43;3,98;9,99;92,5;2,09;-3,96;-4,89
2024-12-31;93,454;-10,74;2,2;0,43;-0,51;3,75;-0,58;6,36;73,82;93,84;5,36;2,91;5,14;6,62;92,52;-2,24;2,18;-6,43
2025-01-31;95,944;-9,71;7,26;13,01;10,05;0,38;-2,52;5,72;75,4;94,1;5,96;2,39;5,51;5,87;92,54;5,1;-1,35;-4,1
2025-02-28;94,515;-10,54;2,3;2,81;3,33;1,64;-0,03;5,95;75,34;93,52;1,3;2,73;1;6,78;92,74;3,16;0,23;-2,99
2025-03-31;96,587;-9,98;7,26;10,33;8,06;2,89;-2,03;5,61;75,38;93,23;3,25;3,05;3,91;7,83;92,33;2,81;0,44;-5,39
2025-04-30;96,076;-9,8;5,5;6,79;5,76;-2,15;-2,31;5,64;75,48;91,48;1,17;-4,07;-0,37;-0,56;91,64;6,75;-3,34;-4,89
2025-05-31;94,486;-8,46;3,2;-1,94;-6,19;4,91;-2,4;5,31;75,25;90,7;-5,57;1,94;-4,07;5,69;91,34;-2,34;1,46;-3,75
2025-06-30;97,202;-7,59;8,95;12,74;10,65;3,24;-1,52;5,63;75,37;91,79;7,16;2,85;8,25;6,78;92,83;10,69;0,92;-3,17
2025-07-31;97,005;-6,08;4,18;7,2;6,87;6,27;-1,15;5,65;75,48;92,08;4,86;1,36;4,31;4,33;94,36;6,97;4,83;-2,73
2025-08-31;97,982;-6,02;8,49;8,26;7,85;1,72;0,67;6,1;75,95;92,47;2,8;4,38;3,75;9,69;94,83;13,42;-0,04;-3,27
